job_role,company_name,location,stipend
Integration Engineer,ClearTax,"Gurgaon, Mumbai","₹ 30,000 /month"
RPA Development,NatWest Group,Gurgaon,"₹ 45,000 /month"
Quality Analyst(Sales),Internshala Trainings,Gurgaon,"₹ 18,000 /month"
Artificial Intelligence (AI),Genesys International Corporation Limited,Mumbai,"₹ 8,000-15,000 /month"
Augmented Reality/ Virtual Reality Developer,"Indian Institute Of Technology, Bombay",Mumbai,"₹ 10,000 /month"
Information Technology,ClearTax,Bangalore,"₹ 20,000 /month"
Artificial Intelligence & Machine Learning,NatWest Group,Gurgaon,"₹ 45,000 /month"
Java Development,NatWest Group,Gurgaon,"₹ 45,000 /month"
DevOps,AskMeOffers,Work from home,"₹ 30,000 /month"
Gaming,AskMeOffers,Work from home,"₹ 30,000 /month"
Internet Of Things (IoT),AskMeOffers,Work from home,"₹ 33,000 /month"
Java Development,AskMeOffers,Work from home,"₹ 30,000 /month"
Mobile App Development,AskMeOffers,Work from home,"₹ 30,000 /month"
Front End Development,Namekart,Work from home,"₹ 10,000-20,000 /month"
Backend Development,Namekart,Work from home,"₹ 10,000-20,000 /month"
Quality Analyst,Guruji Astro,Jaipur,"₹ 8,000-10,000 /month"
Quality Analyst,Rizzle,Hyderabad,"₹ 15,000 /month"
Game/Level Design,CodingCraft By KBD Group,Pune,"₹ 10,000-15,000 /month"
Backend Development,Mudraksh And McShaw Advisory,Noida,"₹ 10,000 /month"
Backend Development,UniAcco,Mumbai,"₹ 15,000 /month"
Quantitative Developer,Mudraksh And McShaw Advisory,"Delhi, Noida","₹ 10,000 /month"
Computer Vision And Deep Learning,Edith Defence Systems Private Limited,Mumbai,"₹ 15,000-20,000 /month"
Fusion360 - SolidWorks Designer - Industrial Automation,Bilateral Solutions Private Limited,Mandi,"₹ 10,000 /month"
Software Development,Euphotic Labs Private Limited,Bangalore,"₹ 25,000-30,000 /month"
Flutter Development,BASIC,Work from home,"₹ 10,000 /month"
Quality Analyst,Arjun Industries,"Vadodara, Waghodia","₹ 10,000 /month"
Product Marketing,Darwin (Bio + AI),"Chennai, Bangalore","₹ 12,000-18,000 /month"
Product Management,Signzy,Bangalore,"₹ 30,000 /month"
Reactjs Development,Guruji Astro,Jaipur,"₹ 10,000 /month"
Artificial Intelligence (AI),CollegeTips Ed Tech Media Private Limited,Work from home,"₹ 10,000 /month"
WordPress Development,Nilee Games & Future Technologies Private Limited,Mumbai,"₹ 5,000-15,000 /month"
Web Development,Uttam Udyog,Work from home,"₹ 1,000-10,000 /month"
Full Stack Development,Samplify,Gurgaon,"₹ 12,000-15,000 /month"
Reactjs Development,Simply Shopy,Chennai,"₹ 10,000 /month"
Software Development,Kanbir Solutions,Ahmedabad,"₹ 18,000-25,000 /month"
Front End Development,Fabulous Media Private Limited,Gurgaon,"₹ 5,000-15,000 /month"
React Native,IELTS Proficiency,Work from home,"₹ 7,000-12,000 /month"
Backend Development,THEFINANSOL,Delhi,"₹ 10,000 /month"
Front End Development,Mudraksh And McShaw Advisory,Noida,"₹ 10,000 /month"
Python Development,Jorim Technology Solutions Private Limited,Chennai,"₹ 10,000-12,000 /month"
job_role,company_name,location,stipend
Front End Development,Mudraksh And McShaw Advisory,Noida,"₹ 10,000 /month"
Python Development,Jorim Technology Solutions Private Limited,Chennai,"₹ 10,000-12,000 /month"
Product Management,Illumine Knowledge Resources,Mumbai,"₹ 20,000 /month"
Node.js Development,The Tech Musketeers,Work from home,"₹ 15,000-25,000 /month"
App Development,Acies,Mumbai,"₹ 20,000 /month"
Figma Designer For Mobile App,Calyco Products Private Limited,Work from home,"₹ 6,000-10,000 /month"
Python Development,Clorse Private Limited,Pune,"₹ 10,000 /month"
Web Development,Eduminatti,Work from home,"₹ 12,000 /month"
Web Development,IndianAppGuy Tech Private Limited,Work from home,"₹ 20,000 /month"
Product Management,Relinns Technologies,"Chandigarh, Mohali","₹ 8,000-15,000 /month"
Blockchain Development,Avaari,Work from home,"₹ 18,000 /month"
Machine Learning,Avaari,Work from home,"₹ 15,000 /month"
Mobile App Development,Avaari,Work from home,"₹ 15,000 /month"
Artificial Intelligence (AI),Avaari,Work from home,"₹ 15,000 /month"
Web Development,Avaari,Work from home,"₹ 15,000 /month"
Web Development,Avaari,"Ahmedabad, Chennai, Kolkata, Pune, Bangalore, Bhopal, Mumbai, Kochi, Munnar, Jaipur, Himachal Pradesh","₹ 20,000 /month"
Artificial Intelligence (AI),Avaari,"Ahmedabad, Chandigarh, Chennai, Coimbatore, Delhi, Guwahati, Gurgaon, Indore, Bangalore, Hyderabad, Bhopal, Kochi, Noida, Raipur, Ludhiana","₹ 25,000 /month"
Mobile App Development,Avaari,"Chennai, Delhi, Gurgaon, Indore, Kolkata, Lucknow, Pune, Bangalore, Hyderabad, Bhopal, Mumbai, Jaipur, Noida, Jammu, Andhra Pradesh","₹ 25,000 /month"
Machine Learning,Avaari,"Amritsar, Chennai, Delhi, Ghaziabad, Gurgaon, Kolkata, Pune, Bangalore, Hyderabad, Mumbai, Kochi, Jaipur, Andhra Pradesh, Karnataka","₹ 25,000 /month"
Product Management,"Avaari (Pune, India)","Ahmedabad, Chandigarh, Chennai, Guwahati, Kochi (Japan), Kolkata, Pune, Bangalore, Hyderabad, Mumbai, Jaipur","₹ 25,000 /month"
Blockchain Development,Avaari,"Bhubaneswar, Chennai, Delhi, Indore, Kolkata, Pune, Bangalore, Hyderabad, Bhopal, Mumbai, Jaipur, Noida, Raipur, Gwalior West, Andhra Pradesh","₹ 20,000 /month"
Product Management,Teleport,Bangalore,"₹ 25,000 /month"
Data Science,EXCELLENTSOUND TECHNOLOGIES PRIVATE LIMITED,Work from home,"₹ 20,000 /month + Incentives"
Full Stack Development,Messold Technologies,Work from home,"₹ 8,000-10,000 /month"
Front End Development,EXCELLENTSOUND TECHNOLOGIES PRIVATE LIMITED,Work from home,"₹ 20,000 /month + Incentives"
Python Development About Sales,EXCELLENTSOUND TECHNOLOGIES PRIVATE LIMITED,Work from home,"₹ 22,000 /month + Incentives"
Quality Analyst,Edvanta Technologies,Noida,"₹ 15,000 /month"
Laravel Developer,SR Edu Technologies,Hyderabad,"₹ 15,000-25,000 /month"
Full Stack Development,Heliverse,Work from home,"₹ 6,000-12,000 /month"
Unity Game Development,Purav Singla,Work from home,"₹ 15,000 /month"
Front End Development,Persist Ventures,Work from home,"₹ 12,500 /month"
Node.js Development,DCCPL,Chandigarh,"₹ 8,000-15,000 /month"
WordPress Development,Webfrog IT Services,Delhi,"₹ 8,000-10,000 /month"
Mobile App Testing,Asynchron Labs,Work from home,"₹ 15,000-18,000 /month"
iOS App Development,Vouch Social,Bangalore,"₹ 15,000-20,000 /month"
Front End Development,Scizers Technologies LLP,Work from home,"₹ 10,000 /month"
Product Management,SmartHire,Delhi,"₹ 12,000-15,000 /month"
Software Development Engineering (Web),K4 Media & Technologies,Work from home,"₹ 10,000 /month"
Machine Learning,K4 Media & Technologies,Work from home,"₹ 10,000 /month"
WordPress Development,DCCPL,Chandigarh,"₹ 8,000-12,000 /month"
job_role,company_name,location,stipend
Software Development,Blackcoffer,Work from home,"₹ 10,000-12,000 /month"
Android App Development,Blackcoffer,Work from home,"₹ 10,000 /month"
Django Backend & Data Engineer,Primenumbers Technologies,Bangalore,"₹ 30,000 /month"
Mobile App Developer,Humors Tech Private Limited,Bangalore,"₹ 10,000-15,000 /month"
Game Development,MentorBoxx,"Amritsar, Aurangabad, Chandigarh, Delhi, Ghaziabad, Gurgaon, Patiala, Pune, Mumbai, Pimpri-Chinchwad, Noida, Raipur, Nagpur, Nashik","₹ 20,000 /month"
Backend Development,Isourse,Delhi,"₹ 20,000 /month"
Full Stack Development,Utilize,Work from home,"₹ 15,000-25,000 /month"
Sensor Engineering,Sensorama Technologies LLP,Mumbai,"₹ 10,000-20,000 /month"
Artificial Intelligence (AI),K4 Media & Technologies,Work from home,"₹ 10,000 /month"
Front End Development,Faclon,Work from home,"₹ 8,000-12,000 /month"
Rust Developer,Persist Ventures,Work from home,"₹ 12,500 /month"
Flutter Development,Persist Ventures,Work from home,"₹ 15,000 /month"
Full Stack Development,Persist Ventures,Work from home,"₹ 12,500 /month"
Software Development,Persist Ventures,Work from home,"₹ 12,500 /month"
Full Stack Data Engineering,Blackcoffer,Work from home,"₹ 10,000-12,000 /month"
Backend Development,Persist Ventures,Work from home,"₹ 15,000 /month"
Full Stack Development,LiveIntuitions Technologies,Bangalore,"₹ 15,000 /month"
Product Management,Surdeep Singh,Work from home,"₹ 15,000-30,000 /month"
Subject Matter Expert - Computer Science,Vaidik EduServices Private Limited,Work from home,"₹ 18,000-25,000 /month"
Python Development,Weboin Technologies Private Limited,Chennai,"₹ 10,000 /month"
Quality Analyst,WiJungle - by HttpCart,Gurgaon,"₹ 25,000 /month"
Founders Office,Suvidhaa Infoserve Private Limited,Mumbai,"₹ 10,000-30,000 /month"
Product Management,ElectricPe,Bangalore,"₹ 30,000 /month"
Artificial Intelligence (AI),BlueBagels,Work from home,"₹ 15,000-25,000 /month"
Technology Trend Research,WingedPencil Media,Work from home,"₹ 7,000-10,000 /month"
Quality Analyst,B B Coachtech India Private Limited,Fatehpur,"₹ 10,000-15,000 /month"
Golang Developer,Synergy Labs,Gurgaon,"₹ 15,000 /month"
Web Development,TechWhoop,Work from home,"₹ 30,000 /month"
Software Development Engineer (Android),Internshala,Gurgaon,"₹ 18,000 /month"
Front End Development,HEU Technologies Private Limited,Work from home,"₹ 25,000 /month"
Flutter Development,Internshala,Gurgaon,"₹ 18,000 /month"
Backend Development,MakerSharks Inc,Work from home,"₹ 10,000-35,000 /month"
Information Technology,Burgundy Hospitality Private Limited (Burgundy Brand Collective),Mumbai,"₹ 10,000 /month"
Reactjs Development,Surdeep Singh,Work from home,"₹ 15,000-25,000 /month"
Web Development,SuperTeacher Edureforms,Hyderabad,"₹ 12,000 /month"
Web Development,Dylan Estate,Work from home,"₹ 10,000-20,000 /month"
Android App Development,SmartHire,Delhi,"₹ 12,000-15,000 /month"
Full Stack Development,SmartHire,Delhi,"₹ 12,000-15,000 /month"
Android App Development,VV Creations,Vijayawada,"₹ 10,000-25,000 /month"
Backend Development,Guruji Astro,Jaipur,"₹ 10,000 /month"
job_role,company_name,location,stipend
PHP Development,Elliotte Technologies LLP,Ghaziabad,"₹ 5,000-10,000 /month"
Web Development,Dolphin Ad World Private Limited,Mumbai,"₹ 10,000 /month"
GoLang Development,WiJungle - by HttpCart,Gurgaon,"₹ 30,000 /month"
Computer Vision,Chaudhary Ghasiram Sukhdevi Foundation,Moradabad,"₹ 10,000-15,000 /month"
.NET Development,Quantasis Private Limited,Mumbai,"₹ 6,000-12,000 /month"
Web Development,Sample Set,Work from home,"₹ 30,000-50,000 /month"
Computer Operator,Roopak Fashion,Mumbai,"₹ 10,000 /month"
Javascript & Rust Library Development,Arakoo.ai,Work from home,"₹ 7,500-10,000 /month"
Technical Problem Setter ( Programming),HackerEarth,Bangalore,"₹ 40,000 /month"
Artificial Intelligence (AI),Zylu Business Solutions Private Limited,Work from home,"₹ 15,000 /month"
Android/IOS App Development,Jipvi Ecommerce Private Limited,Delhi,"₹ 15,000 /month"
Product Management,Dresma,Gurgaon,"₹ 10,000 /month"
Web Development,Eupheus Learning,Delhi,"₹ 10,000 /month"
Mobile App Development,Kritika Ranga,Manesar,"₹ 18,000 /month"
Laravel Developer,Webriver Solutions,Kolkata,"₹ 5,000-10,000 /month"
Full Stack Developer,Highway Delite,Work from home,"₹ 20,000-25,000 /month"
Python Development,Aadi Foundation,Work from home,"₹ 10,000-20,000 /month"
Backend Development,Aadi Foundation,Work from home,"₹ 10,000 /month"
PHP Development,OyeLabs,Work from home,"₹ 5,000-10,000 /month"
Computer Vision (C++),Wobot Intelligence Private Limited,Work from home,"₹ 12,500 /month"
Angular.js Development,HRBOT,Work from home,"₹ 10,000 /month"
Consultant,Lucror,Work from home,"₹ 5,000-10,000 /month"
Front End Development,Studio Frontier,Mumbai,"₹ 5,000-10,000 /month"
Front End Development,Go Plus Inc.,Work from home,"₹ 10,000 /month"
Website Design On-Site Sales Representative,Book My Agency,Ghaziabad,"₹ 10,000-25,000 /month"
Python Full Stack Development,Blackcoffer,Work from home,"₹ 10,000-12,000 /month"
Website Design Tele-Sales Representative,Book My Agency,Ghaziabad,"₹ 10,000-25,000 /month"
Mobile App Development,Kifayti Health,Work from home,"₹ 10,000 /month + Incentives"
Django Developer,Ayurveda House Private Limited,Delhi,"₹ 20,000-25,000 /month"
WordPress Website Design,Shadelic Design House,Pimpri-Chinchwad,"₹ 12,000 /month"
iOS App Development,Blackcoffer,Work from home,"₹ 10,000 /month"
Application Testing,Blackcoffer,Work from home,"₹ 6,000-10,000 /month"
Game Development,Bamigos,Delhi,"₹ 7,000-11,000 /month"
Salesforce Developer,BlueTide Solutions Private Limited,Gurgaon,"₹ 20,000 /month"
Full Stack Development,Aadi Foundation,Work from home,"₹ 10,000 /month"
Full Stack Development,Upflairs,"Alwar, Jaipur","₹ 8,000-10,000 /month"
AWS Cloud Management,Suntrion Technosol Pvt Ltd,Chennai,"₹ 15,000 /month"
Market Analyst - BBA Freshers,STARINCO,Kolkata,"₹ 7,000-12,000 /month"
Flutter Development,VerTune,Work from home,"₹ 10,000-30,000 /month"
PHP Development,247 Around,Noida,"₹ 15,000 /month"
job_role,company_name,location,stipend
Laravel Development - WFH/Remote,QUARTERSTACK TECHNOLOGIES PRIVATE LIMITED,Work from home,"₹ 10,000 /month"
Reactjs Development,QUARTERSTACK TECHNOLOGIES PRIVATE LIMITED,Work from home,"₹ 10,000 /month"
Full Stack Development,Brela Innovations Private Limited,Kanpur,"₹ 10,000 /month"
Full Stack Development,Mithya Labs Private Limited,Dharamshala,"₹ 15,000 /month"
Artificial Intelligence (AI),Codezero2pi Solution (OPC) Private Limited,Work from home,"₹ 7,000-15,000 /month"
Machine Learning,Recsify Technologies,Hyderabad,"₹ 10,000-30,000 /month"
iOS App Development,LiveIntuitions Technologies,Bangalore,"₹ 15,000 /month"
Backend Development,S7works,Work from home,"₹ 12,000 /month"
Front End Development,Karkhana.io,"Mumbai, Bangalore","₹ 10,000-15,000 /month"
ERP Functional Consultant,Force-Intellect Private Limited,Bhilai,"₹ 12,000 /month"
Full Stack Development,Camp Yellow,Work from home,"₹ 40,000 /month"
Front End Development,Kaushal Sharma,Work from home,"₹ 12,000 /month"
Pricing,Tripjack,Mumbai,"₹ 12,000 /month"
Python Development,Bright Sight,Work from home,"₹ 10,000-20,000 /month"
Front End Development,Lunacal,Work from home,"₹ 30,000 /month"
Photoshop Editor,Reark Digital Preservation Private Limited,Mumbai,"₹ 10,000 /month"
Flutter Development,Bright Sight,Work from home,"₹ 10,000 /month"
Front End Development,Thejanki.com,Jaipur,"₹ 7,000-12,000 /month"
Software Development,Bosscoder Academy,Noida,"₹ 21,000 /month"
AI Research,K4 Media & Technologies,Work from home,"₹ 10,000 /month"
Backend Assistant,Flying Frog World,Mumbai,"₹ 8,000-12,000 /month"
Artificial Intelligence (AI),Computer Hub,Work from home,"₹ 10,000 /month"
Reactjs Development,Techvastra,Work from home,"₹ 8,000-10,000 /month"
Full Stack Development,Kotresh H M,Bangalore,"₹ 10,000-15,000 /month"
Artificial Intelligence (AI),Kotresh H M,Bangalore,"₹ 10,000-15,000 /month"
Full Stack Development,Edvanta Technologies,Noida,"₹ 7,500-15,000 /month"
Leetcode Python Tutor,Narigiri's Connect To Universe Private Limited,Work from home,"₹ 10,000 /month"
Full stack web developer,DevTown,Work from home,"₹ 40,000 /month"
Chromium C/C++ Development,Arakoo.ai,Work from home,"₹ 25,000-30,000 /month"
MERN Stack Web Development,Requin Solutions Private Limited,Jaipur,"₹ 10,000 /month"
Front End Development,S7works,Work from home,"₹ 12,000 /month"
Flutter Development,Ostello India Private Limited,Work from home,"₹ 8,000-15,000 /month"
Full Stack Development,Saurabh Bhoy,Work from home,"₹ 10,000 /month"
Flutter Developer,Blowhorn,Bangalore,"₹ 15,000 /month"
WordPress Development,OyeLabs,Work from home,"₹ 5,000-10,000 /month"
Web Development,Rentkar-Switch To Share,Mumbai,"₹ 12,000-14,000 /month"
Software Development,"Olive Intelligence (New York, United States)",Work from home,"₹ 15,000-50,000 /month"
Computer Vision,"Yonder Wonder AI (Boston, United States)",Work from home,"₹ 10,000-20,000 /month"
Rust Developer,Codezero2pi Solution (OPC) Private Limited,Work from home,"₹ 12,000 /month"
Backend Development,Sanskar Udyog,Indore,"₹ 10,000 /month"
job_role,company_name,location,stipend
Flutter Development,Verdant Info Comm Systems,Work from home,"₹ 12,000 /month"
Software Development,Verdant Info Comm Systems,Work from home,"₹ 10,000 /month"
Software Testing,Verdant Info Comm Systems,Work from home,"₹ 12,000 /month"
Full Stack Development,Targetgrid,Work from home,"₹ 10,000-13,000 /month"
React Native Developer,Blackcoffer,Work from home,"₹ 10,000-15,000 /month"
Game Development,Nihal Software,Gurgaon,"₹ 5,000-15,000 /month"
Node.js Development,Codezero2pi Solution (OPC) Private Limited,Work from home,"₹ 12,000 /month"
Reactjs Development,Codezero2pi Solution (OPC) Private Limited,Work from home,"₹ 12,000 /month"
Flutter Development,CipherSchools,Work from home,"₹ 15,000-20,000 /month"
Webflow Design,FlytBase Labs,Pune,"₹ 15,000-30,000 /month"
Business Analyst/Product Management Intern,Bynry Services Private Limited,Pune,"₹ 10,000 /month"
Reactjs Development,"Shopvana (Austin, United States)",Work from home,$ 150-200 /month
Computer Vision (Python),Wobot Intelligence Private Limited,Work from home,"₹ 12,500 /month"
Front End Development,Stacks (Techaboard Digi Solutions Private Limited),Work from home,"₹ 15,000 /month"
Webflow (Website Development),Codezero2pi Solution (OPC) Private Limited,Work from home,"₹ 15,000 /month"
Artificial Intelligence (AI),Ostello India Private Limited,Work from home,"₹ 8,000-12,000 /month"
iOS App Development,Quantum IT,Work from home,"₹ 10,000-20,000 /month"
Mobile App Development,Gester,Work from home,"₹ 3,000-15,000 /month"
Internet Of Things (IoT),Aviraj Infotech Private Limited,Pithoragarh,"₹ 5,000-10,000 /month"
WordPress Development,Gururo,Vadodara,"₹ 5,000-15,000 /month"
Reactjs Development,Smart Prepper,Work from home,"₹ 10,000-20,000 /month"
Generative AI Machine Learning,Arakoo.ai,Delhi,"₹ 20,000-30,000 /month"
Frontend Development,BlueInvent Technologies Pvt. Ltd.,Noida,"₹ 10,000-15,000 /month"
School Robotics Trainer,Sarga Additive Manufacturing Private Limited,Navi Mumbai,"₹ 10,000-15,000 /month"
Webflow Designer,Alecado Systems,Work from home,"₹ 10,000-25,000 /month"
Android App Development,MoLog Media & Advertising,Gurgaon,"₹ 15,000 /month"
Java Development,Aadi Foundation,Work from home,"₹ 15,000 /month"
Artificial Intelligence (AI),Indika AI Private Limited,Delhi,"₹ 10,000-15,000 /month"
Node.js Development,MoLog Media & Advertising,Gurgaon,"₹ 15,000 /month"
Backend Development,Idea Usher,Work from home,"₹ 8,000-15,000 /month"
Ruby On Rails Development,Timbuktu,Work from home,"₹ 12,000 /month"
Cloud Computing,Wobot Intelligence Private Limited,Work from home,"₹ 10,000 /month"
Web Development,Queueme Technologies,Work from home,"₹ 10,000 /month"
Software Development Engineer,Practo,Bangalore,"₹ 30,000 /month"
Web Development,World Standard Cartons,Delhi,"₹ 10,000 /month"
Backend Development,Go Plus Inc.,Work from home,"₹ 8,000-12,000 /month"
Reactjs Development,Idea Usher,Work from home,"₹ 10,000-15,000 /month"
Credit Analyst,Olivestone Financial Solutions Private Limited,Kolkata,"₹ 8,000-12,000 /month"
Computer Operator,K4 Media & Technologies,Jaipur,"₹ 10,000 /month"
Full Stack Development,CloutFlow,Gurgaon,"₹ 20,000 /month"
job_role,company_name,location,stipend
Python Programmer,InfinityX Innovations Private Limited,Bangalore,"₹ 10,000 /month"
Front End Development,"Sprung Inc (Los Angeles, United States)",Work from home,"₹ 25,000 /month"
AI Engineering,BingeClip.ai,Bangalore,"₹ 20,000-30,000 /month"
Artificial Intelligence (AI),{igebra.ai}math++,Bangalore,"₹ 10,000-15,000 /month"
Search Engine Optimization (SEO),SKS Markt,Delhi,"₹ 8,000-10,000 /month"
Reactjs Development,QuadB Tech,Ludhiana,"₹ 10,000 /month"
Mobile App Development,Zero Moblt,Hyderabad,"₹ 12,000 /month"
Front End Development,OrgLens Consultancy Private Limited,Work from home,"₹ 10,000 /month"
Product Management,"Tomorrow's Journey (Milton Keynes, United Kingdom)",Work from home,"₹ 25,000 /month"
Web Development,Icon Biosystems,Hyderabad,"₹ 10,000 /month"
Front End Development,Betterzila (Changumangu Solutions LLP),Work from home,"₹ 8,000-15,000 /month"
Product Management,GoComet,Bangalore,"₹ 25,000 /month"
Python Development,Ignis Tech Solutions,Work from home,"₹ 7,500-10,000 /month"
Computer Vision,Wobot Intelligence Private Limited,Work from home,"₹ 12,500 /month"
Backend Development,Kkix Innovations Private Limited,Work from home,"₹ 15,000 /month"
Software Development,ICon Labs,Pune,"₹ 10,000 /month"
Full Stack Development,Ujjawal Tyagi,Work from home,"₹ 5,000-25,000 /month"
Node.js Development,ChainTech Network,Ahmedabad,"₹ 10,000 /month"
Software Development Engineering (Web),Rebalance Technologies,Work from home,"₹ 15,000-25,000 /month"
WordPress Development,Grivaa Consultancy Services,Work from home,"₹ 5,000-10,000 /month"
E Commerce Mobile App Development - Next Js,MyMegaminds,Work from home,"₹ 10,000-15,000 /month"
Full Stack Development,"Joprep (Dubai, United Arab Emirates)",Work from home,"₹ 20,000-50,000 /month"
Flutter Development,Harav Technologies LLP,"Mohali, Sahibzada Ajit Singh Nagar","₹ 12,000-15,000 /month"
Web Development,PatilKaki,Work from home,"₹ 10,000 /month"
Internet Of Things (IoT),Asynchron Labs,Work from home,"₹ 10,000-12,000 /month"
Flutter Development,Coding Junior,Work from home,"₹ 12,000 /month"
Full Stack Development,Asynchron Labs,Work from home,"₹ 15,000-20,000 /month"
Java Development,Piyush Kothari,"Chennai, Bangalore, Hyderabad","₹ 50,000 /month"
Flutter Development,Umla Technologies Private Limited,Work from home,"₹ 5,000-10,000 /month"
Node.js Development,Umla Technologies Private Limited,Work from home,"₹ 5,000-10,000 /month"
Trainee Engineer,I Focus Solutions India Private Limited,Bangalore,"₹ 10,000-15,000 /month"
Web Development,ICrave Creations,Gurgaon,"₹ 15,000 /month"
IT Support,Technosportswear Private Limited,Tiruppur,"₹ 10,000 /month"
.NET Development,UVA Technologies & Professional Services LLP,Delhi,"₹ 10,000 /month"
Front End Development,Batch System,Work from home,"₹ 15,000 /month"
Computer Operator,ROOPAK,Mumbai,"₹ 12,000 /month"
Mobile App Development,Preplaced,Gurgaon,"₹ 30,000 /month"
WordPress Development,Stirring Minds,Delhi,"₹ 7,000-12,000 /month"
Backend Development,Isourse,Delhi,"₹ 20,000 /month"
AWS DevOps Engineer,Aaptatt,"Delhi, Gurgaon, Greater Noida","₹ 18,000 /month"
job_role,company_name,location,stipend
Cyber Security,Asynchron Labs,Work from home,"₹ 15,000-20,000 /month"
iOS App Development,Resolute AI Software Private Limited,Work from home,"₹ 8,000-12,000 /month"
2D Character Design,K4 Media & Technologies,Jaipur,"₹ 10,000 /month"
Artificial Intelligence (AI),Asynchron Labs,Work from home,"₹ 12,000-18,000 /month"
Software Testing,Qpact Delivery Solutions,Hyderabad,"₹ 10,000 /month"
Frontend Development,GlobFluent VidyaTech Pvt. Ltd.,Chandigarh,"₹ 5,000-10,000 /month"
Node.js Development,Faclon,Work from home,"₹ 10,000 /month"
Software Testing,IESoft Technologies Private Limited,Work from home,"₹ 15,000 /month"
Software Testing,Quantum IT Innovation,Work from home,"₹ 8,000-10,000 /month"
Demo Post,Seven Arc Info Systems LLP,Gurgaon,"₹ 10,000 /month"
Demo Post,Sigillieum Software Consultants Pvt.Ltd,Gurgaon,"₹ 10,000 /month"
Web Development,Fyle,Work from home,"₹ 35,000 /month"
Android App Development,Mathongo,Work from home,"₹ 10,000-25,000 /month"
Blockchain Development,Tensorblue,Work from home,"₹ 10,000 /month"
Artificial Intelligence (AI),Pawzz,Work from home,"₹ 10,000-12,000 /month"
Reactjs Development,Digital Gimmick,Work from home,"₹ 12,000 /month"
Mobile App Development,Factacy.Ai,Gurgaon,"₹ 15,000 /month"
Machine Learning & AI,Sidhe Petrochemical Private Limited,"Delhi, Noida","₹ 7,000-20,000 /month"
Quality Analyst,Asynchron Labs,Work from home,"₹ 15,000-20,000 /month"
CSS And HTML Developer,Smaclify Technologies,Pune,"₹ 15,000 /month"
Full Stack Developer,Dobby Ads,Work from home,"₹ 15,000-20,000 /month"
IT Assistant Intern,Cleantech Solar,"Thane, Navi Mumbai, Mumbai, Mira Bhayandar, Vasai-Virar","₹ 10,000-20,000 /month"
Mobile App Development,Asynchron Labs,Work from home,"₹ 22,000-25,000 /month"
Automation Testing,Pianalytix Edutech Private Limted,Work from home,"₹ 20,000 /month"
Full Stack Development,Aspirehive,Work from home,"₹ 10,000 /month"
Quality Analyst,AI Certs,Work from home,"₹ 10,000 /month"
AWS DevOps Engineer,IESoft Technologies Private Limited,Mumbai,"₹ 22,000 /month"
Web Development,"Pearl Lemon (London, United Kingdom)",Work from home,$ 100 /month
Core - Software Engineering,Planys Technologies Private Limited,Chennai,"₹ 12,500 /month"
Backend Development,DataChannel Technologies,Work from home,"₹ 15,000 /month"
Computer Vision,K4 Media & Technologies,Work from home,"₹ 10,000 /month"
Flutter Development,K4 Media & Technologies,Work from home,"₹ 10,000 /month"
SQL DEVELOPER,Pianalytix Edutech Private Limted,Work from home,"₹ 20,000 /month"
DevOps,Pianalytix Edutech Private Limted,Work from home,"₹ 20,000 /month"
Angular Development,Pianalytix Edutech Private Limted,Work from home,"₹ 20,000 /month"
ChatGPT-4 Expert Prompt Engineer,Pianalytix Edutech Private Limted,Work from home,"₹ 15,000 /month"
IOS App Development & Android App Development,"TRUCK IT APP LLC (Olympia, United States)",Work from home,$ 250 /week + Incentives
Product Management,Faclon,Mumbai,"₹ 10,000-20,000 /month"
iOS App Development,W3Dev,Noida,"₹ 11,000-13,000 /month"
JavaScript Development,W3Dev,Noida,"₹ 10,000-12,000 /month"
job_role,company_name,location,stipend
Node.js Development,Pianalytix Edutech Private Limted,Work from home,"₹ 20,000 /month"
Flutter Development,Pianalytix Edutech Private Limted,Work from home,"₹ 20,000 /month"
Python Development,Pianalytix Edutech Private Limted,Work from home,"₹ 20,000 /month"
React Native/ React Js,Linked List Technologies LLP,Work from home,"₹ 15,000 /month + Incentives"
Full Stack Development,Zimeshare Technologies (OPC) Private Limited,Noida,"₹ 10,000 /month"
AI Flutter Developer,Systemic Altruism,Work from home,"₹ 10,000-15,000 /month"
Full Stack Development,NovaFocus Private Limited,Bangalore,"₹ 25,000 /month"
Front End Development,AI Certs,Work from home,"₹ 10,000 /month"
Reactjs Development,MoLog Media & Advertising,Gurgaon,"₹ 10,000 /month"
Mobile App Development,Buddha Education Association Incorporation,"Amritsar, Chandigarh, Delhi, Ghaziabad, Gurgaon, Kolkata, Pune, Ranchi, Udaipur, Bangalore, Mumbai, Jaipur, Noida, Raipur","₹ 30,000 /month"
Web Development,Buddha Education Association Incorporation,"Akola, Aurangabad, Chennai, Delhi, Kolkata, Patna, Pune, Amravati, Ahmednagar, Hyderabad, Mumbai, Baramati, Noida, Nashik, Andhra Pradesh","₹ 20,000 /month"
Product Management,Buddha Education Association Incorporation,"Ahmedabad, Chandigarh, Chennai, Coimbatore, Pune, Surat, Ahmednagar, Bangalore, Vadodara, Mumbai, Kochi, Jaipur, Nagpur, Nashik, Goa Velha","₹ 20,000 /month"
Machine Learning,Buddha Education Association Incorporation,"Ahmedabad, Chennai, Indore, Pune, Satna, Surat, Bangalore, Bhopal, Mumbai, Jaipur, Nagpur, Nashik, Bhopalgarh, Gwalior West","₹ 25,000 /month"
Artificial Intelligence (AI),Buddha Education Association Incorporation,"Chennai, Coimbatore, Delhi, Gurgaon, Kolkata, Patna, Pune, Ranchi, Udaipur, Bangalore, Mumbai, Jaipur, Noida, Nagpur, Goa Velha","₹ 25,000 /month"
Blockchain Development,Buddha Education Association Incorporation,"Faridabad, Chennai, Dehradun, Delhi, Ghaziabad, Gurgaon, Kolkata, Patna, Pune, Surat, Udaipur, Bangalore, Hyderabad, Mumbai, Noida","₹ 18,000 /month"
Software Development,Emoha Eldercare,Gurgaon,"₹ 20,000 /month"
AI Content Development (NCERT/CBSE),Anyboli Labs Private Limited,Work from home,"₹ 10,000 lump sum + Incentives"
Reactjs Development,Tensorblue,Work from home,"₹ 10,000 /month"
Robotics,Circlex Enterprises Private Limited,Hyderabad,"₹ 21,000 /month"
Full Stack ML Engineering/Python & Flask Web Development,Dendrite.ai,Work from home,"₹ 5,000-15,000 /month"
Java Development,Pianalytix Edutech Private Limted,Work from home,"₹ 20,000 /month"
ChatBot Development,Pianalytix Edutech Private Limted,Work from home,"₹ 20,000 /month"
Web3 Developer,Alecado Systems,Work from home,"₹ 10,000-18,000 /month"
Webflow Designer And Developer,Stirring Minds,Delhi,"₹ 7,000-12,000 /month"
JavaScript Development,Pianalytix Edutech Private Limted,Work from home,"₹ 20,000 /month"
Flutter Development,Schaffen Softwares,Work from home,"₹ 10,000 /month"
Webflow Designer And Developer,Stirring Minds,Work from home,"₹ 6,000-10,000 /month"
Babylon.js Developer,Alecado Systems,Work from home,"₹ 18,000-25,000 /month"
VR Developer,Alecado Systems,Work from home,"₹ 5,000-30,000 /month"
AR Developer,Alecado Systems,Work from home,"₹ 5,000-20,000 /month"
Front End Development,Ramyoz,Noida,"₹ 10,000 /month"
Full Stack Development,Uniqgrid,Gurgaon,"₹ 15,000 /month"
Game Development,Alecado Systems,Work from home,"₹ 10,000-25,000 /month"
QA Testing,Ayati Devices Private Limited,Bangalore,"₹ 10,000-20,000 /month"
Three.js Developer,Alecado Systems,Work from home,"₹ 15,000-30,000 /month"
Full Stack Development,Alecado Systems,Work from home,"₹ 10,000-20,000 /month"
Computer Vision,Alecado Systems,Work from home,"₹ 20,000-30,000 /month"
Backend Development,Workik,Work from home,"₹ 12,500 /month"
Machine Learning,Salesken.ai,Bangalore,"₹ 25,000 /month"
PHP Development,Quantum IT Innovation,Work from home,"₹ 8,000-10,000 /month"
job_role,company_name,location,stipend
Android App Development,Quantum IT Innovation,Work from home,"₹ 8,000-10,000 /month"
Flutter Development,Quantum IT Innovation,Work from home,"₹ 8,000-10,000 /month"
Front End Development,Quantum IT Innovation,Work from home,"₹ 8,000-10,000 /month"
Full Stack Development,Quantum IT Innovation,Work from home,"₹ 8,000-10,000 /month"
Web3 Management,Blazpay Labs Corp,Work from home,"₹ 8,000-15,000 /month"
Flutter Development,Systemic Altruism,Work from home,"₹ 8,000-12,500 /month"
Product Management,Dacoid Digital,Work from home,"₹ 10,000-15,000 /month"
Backend Development,Techwondoe India Private Limited,Work from home,"₹ 10,000-20,000 /month"
Full Stack Development,Bezt Labs,Work from home,"₹ 6,000-10,000 /month"
Web Development,Celebrare,Work from home,"₹ 6,000-12,000 /month"
iOS App Development,AdPushup,Delhi,"₹ 20,000 /month"
Software Development Engineering (Web),Jalan Technology Consulting,Work from home,"₹ 10,000 /month"
Lead AI Developer Intern - WhatsApp-Based Sales Assistant,Bijon Trading Private Limited (Genotek),Work from home,"₹ 10,000-20,000 /month"
Flutter Development,Celebrare,Work from home,"₹ 6,000-12,000 /month"
WordPress Development,Travelomatrix,Gurgaon,"₹ 8,000-10,000 /month"
Backend Development,Systemic Altruism,Work from home,"₹ 15,000 /month"
Webflow,Systemic Altruism,Work from home,"₹ 8,000-12,500 /month"
Full Stack Development,Systemic Altruism,Work from home,"₹ 12,500 /month"
Ruby Software Developer,Peach,Bangalore,"₹ 30,000 /month"
PHP Development,Dakshith Technologies,Gurgaon,"₹ 10,000-12,000 /month"
Web Development,MentorBoxx,Work from home,"₹ 20,000 /month"
Mobile App Development,MentorBoxx,Work from home,"₹ 25,000 /month"
Artificial Intelligence (AI),MentorBoxx,Work from home,"₹ 25,000 /month"
Machine Learning,MentorBoxx,Work from home,"₹ 25,000 /month"
Game Development,MentorBoxx,Work from home,"₹ 18,000 /month"
Chrome Extension And Next.js Development,Solocl,Work from home,"₹ 10,000 /month + Incentives"
Unreal Engine Technical Artist,Augmentastic Private Limited,Pune,"₹ 15,000 /month"
Python Development,Warewe Consultancy Private Limited,Gurgaon,"₹ 10,000-12,000 /month"
WordPress Development,Confluencr,Bangalore,"₹ 15,000 /month"
"WordPress, ReactJS, NoCode Platforms Design & Development",Polygon Pixels LLP,"Ahmedabad, Pune, Bangalore, Navi Mumbai, Mumbai","₹ 6,000-12,000 /month"
Android App Development,One Root,Bangalore,"₹ 10,000 /month"
Game Development,IG Drones,Bhubaneswar,"₹ 8,000-10,000 /month"
React/Node.js Web/UI Developer,Dendrite.ai,Work from home,"₹ 5,000-15,000 /month"
Core Backend Development,Weframe Tech,Work from home,"₹ 5,000-12,000 /month"
Software Testing,QuadB Tech,Ludhiana,"₹ 10,000 /month"
WordPress Development,Bunny Bash Events & Rentals,Bangalore,"₹ 7,000-10,000 /month"
Front End Development,Allianz Exports,Work from home,"₹ 10,000-15,000 /month"
Product Management,Medical Mandi India Private Limited,"Delhi, Gurgaon, Noida","₹ 10,000-15,000 /month"
Web Designing,Stirring Minds,Delhi,"₹ 6,000-10,000 /month"
Computer Teacher,Sweta Sonthalia,Mumbai,"₹ 3,000-10,000 /month"
job_role,company_name,location,stipend
Full Stack Development,Wizda,Bangalore,"₹ 10,000 /month"
Software Development,Salesken.ai,Bangalore,"₹ 25,000 /month"
QA Testing,Salesken.ai,Bangalore,"₹ 15,000 /month"
Manual Testing,Eupheus Learning,Delhi,"₹ 10,000 /month"
Backend Development,ValuQo Services Private Limited,Gurgaon,"₹ 6,000-10,000 /month"
Software Development Engineering (Web),Photom Technologies Private Limited,Work from home,"₹ 8,000-15,000 /month"
Artificial Intelligence (AI),Digipplus,Work from home,"₹ 12,000-15,000 /month"
Backend Development,Alemeno,Work from home,"₹ 20,000-25,000 /month"
React Native Developer,Webknot Technologies Private Limited,Bangalore,"₹ 10,000-20,000 /month"
Backend Development,ReachInbox.ai,Bangalore,"₹ 30,000 /month"
Product Management,Hipla Technologies Private Limited,Pune,"₹ 5,000-10,000 /month"
Quality Analyst,ReachInbox.ai,Bangalore,"₹ 20,000 /month"
Product Management,ReachInbox.ai,Bangalore,"₹ 20,000 /month"
Full Stack Development,Systemic Altruism,Work from home,"₹ 12,500 /month"
Systems Developer (MIS),Prache Khade,Mumbai,"₹ 10,000 /month + Incentives"
Product Executive,Corizo EduTech,Bangalore,"₹ 18,000 /month"
Flutter - Social Chat Developer,Systemic Altruism,Work from home,"₹ 12,500 /month"
Web Browser Game Development (Javascript),Systemic Altruism,Work from home,"₹ 8,000-12,500 /month"
AWS DevOps Engineering,Systemic Altruism,Work from home,"₹ 12,500 /month"
Webflow,Systemic Altruism,Work from home,"₹ 12,500 /month"
Backend Developer (NextJS And Typescript),Quizzy,Work from home,"₹ 40,000 /month"
Coding Problem Setter,Cognitio Eduventures Private Limited,Work from home,"₹ 15,000 /month"
Full Stack Development,Auctopus Technologies Private Limited,Work from home,"₹ 10,000 /month"
Software Development,Bag2Bag,Bangalore,"₹ 8,000-20,000 /month"
Software Testing,Innovantes IT Solutions LLP,Chandigarh,"₹ 10,000 /month"
Developer/Software Engineer,Rudram Labs,Work from home,"₹ 10,000 /month"
Full Stack Development,LiftU.tech,Work from home,"₹ 10,000 /month"
Full Stack Development,Tyke Technology Private Limited,Gurgaon,"₹ 15,000 /month"
